[{"caso":"POST","hora":"01-10-2019 (01:56:17)","ip":"::1"},{"caso":"POST","hora":"01-10-2019 (01:56:18)","ip":"::1"},{"caso":"POST","hora":"01-10-2019 (01:56:18)","ip":"::1"},{"caso":"POST","hora":"01-10-2019 (01:56:18)","ip":"::1"},{"caso":"POST","hora":"01-10-2019 (01:56:18)","ip":"::1"},{"caso":"POST","hora":"01-10-2019 (01:56:18)","ip":"::1"},{"caso":"POST","hora":"01-10-2019 (01:56:18)","ip":"::1"},{"caso":"POST","hora":"01-10-2019 (01:56:18)","ip":"::1"},{"caso":"POST","hora":"01-10-2019 (01:56:19)","ip":"::1"},{"caso":"POST","hora":"01-10-2019 (01:56:19)","ip":"::1"},{"caso":"POST","hora":"01-10-2019 (01:56:19)","ip":"::1"},{"caso":"POST","hora":"01-10-2019 (02:02:04)","ip":"::1"}]