[{"legajo":"123456121212","email":"federico@gmail.com","nombre":"PedroELScamoso","clave":"Bofi","foto1":".\/img\/fotos\/123456121212foto1.jpeg","foto2":".\/img\/fotos\/123456121212foto2.jpeg"},{"legajo":"1234561","email":"fedepcs2@gmail.com","nombre":"Federico","clave":"masflow2","foto1":".\/img\/fotos\/1234561foto1.jpeg","foto2":".\/img\/fotos\/1234561foto2.jpeg"},{"legajo":"666","email":"federico@gmail.com","nombre":"Lautaro","clave":"lalala","foto1":".\/img\/fotos\/666foto1.jpeg","foto2":".\/img\/fotos\/666foto2.jpeg"}]