[{"ruta":"\/ModeloSegundoParcial\/Prog32019\/public\/ingreso\/ingresoUsuario","metodo":"PUT","usuario":"pinito@gmail.com - 12345","ip":"::1","fecha":"2019-11-26 00:35:48"},{"ruta":"\/ModeloSegundoParcial\/Prog32019\/public\/ingreso\/mostrar","metodo":"GET","usuario":"pinito@gmail.com - 12345","ip":"::1","fecha":"2019-11-26 00:35:51"},{"ruta":"\/ModeloSegundoParcial\/Prog32019\/public\/ingreso\/mostrarAdmin","metodo":"GET","usuario":"pinito@gmail.com - 12345","ip":"::1","fecha":"2019-11-26 00:35:56"},{"ruta":"\/ModeloSegundoParcial\/Prog32019\/public\/ingreso\/mostrarAdmin","metodo":"GET","usuario":"pinito@gmail.com - 12345","ip":"::1","fecha":"2019-11-26 00:36:19"},{"ruta":"\/ModeloSegundoParcial\/Prog32019\/public\/users\/logIn","metodo":"POST","usuario":"undefined","ip":"::1","fecha":"2019-11-26 00:38:36"},{"ruta":"\/ModeloSegundoParcial\/Prog32019\/public\/ingreso\/mostrar","metodo":"GET","usuario":"mario@gmail.com - 1","ip":"::1","fecha":"2019-11-26 00:38:43"},{"ruta":"\/ModeloSegundoParcial\/Prog32019\/public\/ingreso\/mostrarAdmin","metodo":"GET","usuario":"mario@gmail.com - 1","ip":"::1","fecha":"2019-11-26 00:38:49"},{"ruta":"\/ModeloSegundoParcial\/Prog32019\/public\/ingreso\/mostrarAdmin","metodo":"GET","usuario":"mario@gmail.com - 1","ip":"::1","fecha":"2019-11-26 00:41:18"},{"ruta":"\/ModeloSegundoParcial\/Prog32019\/public\/ingreso\/mostrarAdmin","metodo":"GET","usuario":"mario@gmail.com - 1","ip":"::1","fecha":"2019-11-26 00:41:25"},{"ruta":"\/ModeloSegundoParcial\/Prog32019\/public\/ingreso\/mostrarAdmin","metodo":"GET","usuario":"mario@gmail.com - 1","ip":"::1","fecha":"2019-11-26 00:41:51"},{"ruta":"\/ModeloSegundoParcial\/Prog32019\/public\/ingreso\/mostrarAdmin","metodo":"GET","usuario":"mario@gmail.com - 1","ip":"::1","fecha":"2019-11-26 00:42:32"},{"ruta":"\/ModeloSegundoParcial\/Prog32019\/public\/ingreso\/mostrar","metodo":"GET","usuario":"mario@gmail.com - 1","ip":"::1","fecha":"2019-11-26 00:42:34"},{"ruta":"\/ModeloSegundoParcial\/Prog32019\/public\/users\/logIn","metodo":"POST","usuario":"undefined","ip":"::1","fecha":"2019-11-26 00:47:46"},{"ruta":"\/ModeloSegundoParcial\/Prog32019\/public\/users\/logIn","metodo":"POST","usuario":"undefined","ip":"::1","fecha":"2019-11-26 00:47:54"},{"ruta":"\/ModeloSegundoParcial\/Prog32019\/public\/ingreso\/mostrar","metodo":"GET","usuario":"mario@gmail.com - 1","ip":"::1","fecha":"2019-11-26 00:53:43"},{"ruta":"\/ModeloSegundoParcial\/Prog32019\/public\/ingreso\/mostrarAdmin","metodo":"GET","usuario":"mario@gmail.com - 1","ip":"::1","fecha":"2019-11-26 00:53:49"}]