[{"caso":"POST","hora":"22-10-2019 (01:06:35)","ip":"::1"},{"caso":"POST","hora":"22-10-2019 (01:06:53)","ip":"::1"},{"caso":"GET","hora":"22-10-2019 (01:06:59)","ip":"::1"},{"caso":"GET","hora":"22-10-2019 (01:07:06)","ip":"::1"},{"caso":"POST","hora":"22-10-2019 (01:45:38)","ip":"::1"},{"caso":"POST","hora":"22-10-2019 (01:46:02)","ip":"::1"},{"caso":"POST","hora":"22-10-2019 (01:46:49)","ip":"::1"},{"caso":"GET","hora":"22-10-2019 (01:51:23)","ip":"::1"},{"caso":"GET","hora":"22-10-2019 (01:51:30)","ip":"::1"},{"caso":"GET","hora":"22-10-2019 (01:51:56)","ip":"::1"},{"caso":"GET","hora":"22-10-2019 (01:52:02)","ip":"::1"},{"caso":"GET","hora":"22-10-2019 (01:52:21)","ip":"::1"},{"caso":"POST","hora":"22-10-2019 (01:52:27)","ip":"::1"},{"caso":"POST","hora":"22-10-2019 (01:53:36)","ip":"::1"},{"caso":"POST","hora":"22-10-2019 (01:54:06)","ip":"::1"},{"caso":"POST","hora":"22-10-2019 (01:55:13)","ip":"::1"},{"caso":"POST","hora":"22-10-2019 (02:00:25)","ip":"::1"},{"caso":"POST","hora":"22-10-2019 (02:00:48)","ip":"::1"},{"caso":"POST","hora":"22-10-2019 (02:01:43)","ip":"::1"},{"caso":"POST","hora":"22-10-2019 (02:01:49)","ip":"::1"},{"caso":"POST","hora":"22-10-2019 (02:02:48)","ip":"::1"},{"caso":"POST","hora":"22-10-2019 (02:02:59)","ip":"::1"}]