[{"ruta":"\/Practica_Segundo_Parcial\/public\/login\/","metodo":"POST","usuario":"undefined","ip":"::1","fecha":"2019-11-25 16:17:21"},{"ruta":"\/Practica_Segundo_Parcial\/public\/ingreso\/","metodo":"POST","usuario":"legea@gmail.com - 101","ip":"::1","fecha":"2019-11-25 16:17:31"},{"ruta":"\/Practica_Segundo_Parcial\/public\/egreso\/","metodo":"POST","usuario":"legea@gmail.com - 101","ip":"::1","fecha":"2019-11-25 16:17:36"},{"ruta":"\/Practica_Segundo_Parcial\/public\/ingreso\/","metodo":"POST","usuario":"legea@gmail.com - 101","ip":"::1","fecha":"2019-11-25 16:17:39"},{"ruta":"\/Practica_Segundo_Parcial\/public\/ingreso\/","metodo":"POST","usuario":"legea@gmail.com - 101","ip":"::1","fecha":"2019-11-25 16:17:41"},{"ruta":"\/Practica_Segundo_Parcial\/public\/ingreso\/","metodo":"POST","usuario":"legea@gmail.com - 101","ip":"::1","fecha":"2019-11-25 16:17:42"},{"ruta":"\/Practica_Segundo_Parcial\/public\/egreso\/","metodo":"POST","usuario":"legea@gmail.com - 101","ip":"::1","fecha":"2019-11-25 16:17:46"},{"ruta":"\/Practica_Segundo_Parcial\/public\/egreso\/","metodo":"POST","usuario":"legea@gmail.com - 101","ip":"::1","fecha":"2019-11-25 16:17:47"},{"ruta":"\/Practica_Segundo_Parcial\/public\/egreso\/","metodo":"POST","usuario":"legea@gmail.com - 101","ip":"::1","fecha":"2019-11-25 16:17:48"},{"ruta":"\/Practica_Segundo_Parcial\/public\/ingreso\/","metodo":"POST","usuario":"legea@gmail.com - 101","ip":"::1","fecha":"2019-11-25 16:17:53"},{"ruta":"\/Practica_Segundo_Parcial\/public\/ingreso\/","metodo":"POST","usuario":"legea@gmail.com - 101","ip":"::1","fecha":"2019-11-25 16:17:54"},{"ruta":"\/Practica_Segundo_Parcial\/public\/egreso\/","metodo":"POST","usuario":"legea@gmail.com - 101","ip":"::1","fecha":"2019-11-25 16:17:57"},{"ruta":"\/Practica_Segundo_Parcial\/public\/egreso\/","metodo":"POST","usuario":"legea@gmail.com - 101","ip":"::1","fecha":"2019-11-25 16:17:58"},{"ruta":"\/Practica_Segundo_Parcial\/public\/login\/","metodo":"POST","usuario":"undefined","ip":"::1","fecha":"2019-11-25 16:18:36"},{"ruta":"\/Practica_Segundo_Parcial\/public\/egreso\/","metodo":"GET","usuario":"legea@gmail.com - 101","ip":"::1","fecha":"2019-11-25 16:18:51"},{"ruta":"\/Practica_Segundo_Parcial\/public\/ingreso\/","metodo":"GET","usuario":"desariod@gmail.com - 1","ip":"::1","fecha":"2019-11-25 16:19:13"},{"ruta":"\/Practica_Segundo_Parcial\/public\/ingreso\/","metodo":"GET","usuario":"desariod@gmail.com - 1","ip":"::1","fecha":"2019-11-25 16:20:14"},{"ruta":"\/Practica_Segundo_Parcial\/public\/login\/","metodo":"POST","usuario":"undefined","ip":"::1","fecha":"2019-11-25 16:20:25"},{"ruta":"\/Practica_Segundo_Parcial\/public\/egreso\/","metodo":"GET","usuario":"legea@gmail.com - 101","ip":"::1","fecha":"2019-11-25 16:20:35"},{"ruta":"\/Practica_Segundo_Parcial\/public\/ingreso\/","metodo":"GET","usuario":"legea@gmail.com - 101","ip":"::1","fecha":"2019-11-25 16:20:42"},{"ruta":"\/Practica_Segundo_Parcial\/public\/ingreso\/","metodo":"GET","usuario":"legea@gmail.com - 101","ip":"::1","fecha":"2019-11-25 16:21:18"},{"ruta":"\/Practica_Segundo_Parcial\/public\/egreso\/","metodo":"GET","usuario":"legea@gmail.com - 101","ip":"::1","fecha":"2019-11-25 16:21:22"}]